{
  "config": {
    "model": "Qwen/Qwen3-8B",
    "steps": 20,
    "groups_per_batch": 8,
    "group_size": 4
  },
  "curves": {
    "cookbook_a": [
      0.6959748864173889,
      0.6036249995231628,
      0.6292533278465271,
      0.6021428108215332,
      0.6810501217842102,
      1.1993716955184937,
      1.3547340631484985,
      1.1578480005264282,
      1.1968458890914917,
      1.103306531906128,
      1.070965051651001,
      1.3000915050506592,
      1.2550626993179321,
      1.1552082300186157,
      1.2177317142486572,
      1.2351906299591064,
      0.9275399446487427,
      1.3070383071899414,
      0.977903425693512,
      0.5853308439254761
    ],
    "cookbook_b": [
      0.6883416771888733,
      0.6041162610054016,
      0.5895695686340332,
      0.5958543419837952,
      0.6439619064331055,
      1.14548921585083,
      1.710724115371704,
      1.0721336603164673,
      1.3753806352615356,
      1.1882749795913696,
      1.1567882299423218,
      1.423406720161438,
      1.1553672552108765,
      1.137000560760498,
      1.2594882249832153,
      1.003989815711975,
      1.3234279155731201,
      1.1706759929656982,
      1.381636619567871,
      1.2695103883743286
    ],
    "cookbook_c": [
      0.6937989592552185,
      0.5920707583427429,
      0.6354619860649109,
      0.5882248878479004,
      0.6363587975502014,
      1.3116381168365479,
      1.5447455644607544,
      1.6998318433761597,
      1.606458306312561,
      1.299302339553833,
      1.247660517692566,
      1.4444763660430908,
      1.3894976377487183,
      1.3329445123672485,
      1.5195443630218506,
      1.289413332939148,
      1.3909882307052612,
      1.3725800514221191,
      1.7862663269042969,
      1.4205634593963623
    ],
    "own": [
      0.625942240785479,
      0.7822298350153651,
      0.5251018430011284,
      0.848876339515333,
      0.7629981960720487,
      1.3171537497502355,
      1.3262298580587495,
      1.9256298374021608,
      2.024689863722615,
      1.7301917316244662,
      1.2900087166754088,
      1.3285483314211355,
      1.6624492999948102,
      1.1926566757139612,
      1.3531964499789277,
      1.3774630905085108,
      0.7941014250119527,
      1.2569658278300921,
      1.0417775259400806,
      0.8830805776471441
    ],
    "own_b": [
      0.6467755567942951,
      0.838833866211612,
      0.5138571425580947,
      0.8624299983126938,
      0.6744141977768793,
      1.09427376723871,
      1.2784937893789423,
      1.455611015794464,
      1.4181732775560065,
      1.639454091704169,
      1.5773568536768008,
      1.439572611451149,
      1.718825875467329,
      1.3523525562050254,
      1.771080379858154,
      0.9226943480310966,
      0.8617518559714371,
      1.5684559705001968,
      0.9318161520641297,
      0.9472966725941484
    ]
  },
  "noise_band_ref_pairwise_mean": 0.1842321475346883,
  "own_dist_to_refs": {
    "own": 0.25530503882725125,
    "own_b": 0.25998960093052953
  },
  "threshold": 1.5,
  "within_band": true,
  "last5_means": {
    "cookbook_a": 1.0066006302833557,
    "cookbook_b": 1.2298481464385986,
    "cookbook_c": 1.4519622802734375,
    "own": 1.070677689387556,
    "own_b": 1.0464029998322018
  },
  "endpoint_ok": true,
  "checkpoints_ok": true,
  "sampler_paths": {
    "cookbook_a": "tinker://e2929e85-7b7a-51ff-bd7c-5695d144e7d0:train:0/sampler_weights/final",
    "cookbook_b": "tinker://ea39a8ba-5f49-57ac-a551-de54b44dfa4d:train:0/sampler_weights/final",
    "cookbook_c": "tinker://fb2794e9-d3de-5e52-b107-c44fb38a2e48:train:0/sampler_weights/final",
    "own": "tinker://c6d2863b-a517-572f-b52b-27cd60e2c2fd:train:0/sampler_weights/step20",
    "own_b": "tinker://08da7fe5-23ba-5838-bbd4-28c9183e4aef:train:0/sampler_weights/step20"
  },
  "PASS": true
}